person,person_id
E421,0
E422,1
E423,2
E424,3
E425,4
E426,5
E427,6
E428,7
E429,8
E430,9
E431,10
E432,11
E433,12
E434,13
E435,14
E436,15
E437,16
E438,17
E439,18
E440,19
E441,20
E442,21
E443,22
E444,23
E445,24
E446,25
E447,26
E448,27
E449,28
S001,29
S002,30
S003,31
S004,32
S005,33
S006,34
S007,35
S008,36
S009,37
S010,38
S011,39
S012,40
S013,41
S014,42
S015,43
S016,44
S017,45
S018,46
S019,47
S020,48
S021,49
S022,50
S023,51
S024,52
S025,53
S026,54
S027,55
S028,56
S029,57
S030,58
S031,59
S032,60
S033,61
S034,62
S035,63
S036,64
S037,65
S038,66
S039,67
S040,68
S041,69
S042,70
S043,71
S044,72
S045,73
S046,74
S047,75
S048,76
S049,77
S050,78
S051,79
S052,80
S053,81
S054,82
S055,83
S056,84
S057,85
S058,86
S059,87
S060,88
S061,89
S062,90
S063,91
S064,92
S065,93
S066,94
S067,95
S068,96
S069,97
S070,98
S071,99
S072,100
S073,101
S074,102
S075,103
S076,104
S077,105
S078,106
S079,107
S080,108
S081,109
S082,110
S083,111
S084,112
S085,113
S086,114
S087,115
S088,116
S089,117
S090,118
S091,119
S092,120
S093,121
S094,122
S095,123
S096,124
S097,125
S098,126
S099,127
S100,128
S101,129
S102,130
S103,131
S104,132
S105,133
S106,134
S107,135
S108,136
S109,137
S110,138
S111,139
S112,140
S113,141
S114,142
S115,143
S116,144
S117,145
S118,146
S119,147
S120,148
S121,149
S122,150
S123,151
S124,152
S125,153
S126,154
S127,155
S128,156
S129,157
S130,158
S131,159
S132,160
S133,161
S134,162
S135,163
S136,164
S137,165
S138,166
S139,167
S140,168
S141,169
S142,170
S143,171
S144,172
S145,173
S146,174
S147,175
S148,176
S149,177
S150,178
S151,179
S152,180
S153,181
S154,182
S155,183
S156,184
S157,185
S158,186
S159,187
S160,188
S161,189
S162,190
S163,191
S164,192
S165,193
S166,194
S167,195
S168,196
S169,197
S170,198
S171,199
S172,200
S173,201
S174,202
S175,203
S176,204
S177,205
S178,206
S179,207
S180,208
S181,209
S182,210
S183,211
S184,212
S185,213
S186,214
S187,215
S188,216
S189,217
S190,218
S191,219
S192,220
S193,221
S194,222
S195,223
S196,224
S197,225
S198,226
S199,227
S200,228
S201,229
S202,230
S203,231
S204,232
S205,233
S206,234
S207,235
S208,236
S209,237
S210,238
S211,239
S212,240
S213,241
S214,242
S216,243
S217,244
S218,245
S219,246
S220,247
S221,248
S222,249
S223,250
S224,251
S225,252
S226,253
S227,254
S228,255
S229,256
S230,257
S231,258
S232,259
S233,260
S234,261
S235,262
S236,263
S237,264
S238,265
S239,266
S240,267
S241,268
S242,269
S243,270
S244,271
S245,272
S246,273
S247,274
S248,275
S249,276
S250,277
S251,278
S252,279
S253,280
S254,281
S255,282
S256,283
S257,284
S258,285
S259,286
S260,287
S261,288
S262,289
S263,290
S264,291
S265,292
S266,293
S267,294
S268,295
S269,296
S270,297
S271,298
S272,299
S273,300
S275,301
S276,302
S277,303
S278,304
S279,305
S280,306
S281,307
S282,308
S283,309
S284,310
S285,311
S286,312
S287,313
S288,314
S289,315
S290,316
S291,317
S292,318
S293,319
S294,320
S295,321
S296,322
S297,323
S298,324
S299,325
S300,326
S301,327
S302,328
S303,329
S304,330
S305,331
S306,332
S307,333
S308,334
S309,335
S310,336
S311,337
S312,338
S313,339
S314,340
S315,341
S316,342
S317,343
S318,344
S319,345
S320,346
S321,347
S322,348
S323,349
S324,350
S325,351
S326,352
S327,353
S328,354
S329,355
S330,356
S331,357
S332,358
S333,359
S334,360
S335,361
S336,362
S337,363
S338,364
S339,365
S340,366
S341,367
S342,368
S343,369
S344,370
S345,371
S346,372
S347,373
S348,374
S349,375
S350,376
S351,377
S352,378
S353,379
S354,380
S355,381
S356,382
S357,383
S358,384
S359,385
S360,386
S361,387
S362,388
S363,389
S364,390
S365,391
S366,392
S367,393
S368,394
S369,395
S370,396
S371,397
S372,398
S373,399
S374,400
S375,401
S376,402
S377,403
S378,404
S379,405
S380,406
S381,407
S382,408
S383,409
S384,410
S385,411
S387,412
S388,413
S389,414
S390,415
S392,416
S393,417
S394,418
S395,419
S396,420
S397,421
S398,422
S399,423
S400,424
S401,425
S402,426
S403,427
S404,428
S405,429
S406,430
S407,431
S408,432
S409,433
S410,434
S411,435
S412,436
S413,437
S414,438
S415,439
S416,440
S417,441
S418,442
S419,443
S420,444
S451,445
S452,446
S453,447
S454,448
S455,449
S456,450
S457,451
